scene;description;location;sublocation;character;Selection starts;Selection ends;Diff.;State;Movement;Note
0;initial Credits;;;;0:00:00;0:00:45;0:00:45;;;
1;Family Introduction -No Wifi;Kim's House;Living room;Ki Woo;0:00:45;0:01:40;0:00:55;;;
1;Family Introduction -No Wifi;Kim's House;Corridor;Ki Woo;0:01:40;0:02:10;0:00:30;;;
1;Ki Taek quicks insect;Kim's House;Living room;Ki Woo;0:02:14;0:02:20;0:00:06;;;
1;Ki Taek quicks insect;Kim's House;Corridor;Ki Woo;0:02:20;0:02:24;0:00:04;;;
1;Wifi in the toilet;Kim's House;Bathroom;Ki Woo;0:02:34;0:03:03;0:00:29;;;
1;Wifi in the toilet;Kim's House;Corridor;Ki Woo;0:03:03;0:03:06;0:00:03;;;
1;Family Introduction -No Wifi;Kim's House;Bathroom;Ki Jung;0:00:45;0:01:42;0:00:57;;;
1;Family Introduction -No Wifi;Kim's House;Corridor;Ki Jung;0:01:42;0:01:46;0:00:04;;;
1;Family Introduction -No Wifi;Kim's House;Room I;Ki Jung;0:01:46;0:02:10;0:00:24;;;
1;Wifi in the toilet;Kim's House;Bathroom;Ki Jung;0:02:35;0:03:00;0:00:25;;;
1;Family Introduction -No Wifi;Kim's House;Room II;Ki Taek;0:00:45;0:02:10;0:01:25;;;
1;Family Introduction -No Wifi;Kim's House;Room II;Chung Sook;0:00:45;0:02:10;0:01:25;;;
1;Ki Taek quicks insect;Kim's House;Living room;Ki Taek;0:02:14;0:02:34;0:00:20;;;
1;Wifi in the toilet;Kim's House;Corridor;Chung Sook;0:02:47;0:03:00;0:00:13;;;
1;Fumigation + pizza boxes;Kim's House;Living room;Ki Woo;0:03:06;0:03:52;0:00:46;;;
1;Pizza girl;Kim's House;Corridor;Ki Woo;0:03:52;0:04:18;0:00:26;;;
1;Fumigation + pizza boxes;Kim's House;Living room;Ki Jung;0:03:00;0:03:52;0:00:52;;;
1;Pizza girl;Kim's House;Corridor;Ki Jung;0:03:52;0:04:18;0:00:26;;;
1;Fumigation + pizza boxes;Kim's House;Living room;Ki Taek;0:03:00;0:03:52;0:00:52;;;
1;Fumigation + pizza boxes;Kim's House;Living room;Chung Sook;0:03:00;0:03:52;0:00:52;;;
1;Pizza girl;Kim's House;Corridor;Ki Taek;0:03:52;0:04:18;0:00:26;;;
1;Pizza girl;Kim's House;Corridor;Chung Sook;0:03:52;0:04:18;0:00:26;;;
1;Pizza girl;Kim's House;Corridor;Pizza girl;0:03:52;0:04:18;0:00:26;;;
1;Convicing Pizza Girl;Street by Kim's house;;Ki Woo;0:04:18;0:05:46;0:01:28;;;
1;Convicing Pizza Girl;Street by Kim's house;;Ki Jung;0:05:03;0:05:46;0:00:43;;;
1;Convicing Pizza Girl;Street by Kim's house;;Chung Sook;0:04:18;0:05:46;0:01:28;;;
1;Convicing Pizza Girl;Street by Kim's house;;Pizza girl;0:04:18;0:05:46;0:01:28;;;
1;Min arrives + present totem;Kim's House;Living room;Ki Woo;0:05:46;0:08:04;0:02:18;;;
1;Min arrives + present totem;Kim's House;Living room ;Ki Jung;0:05:46;0:08:04;0:02:18;;;
1;Min arrives + present totem;Kim's House;Living room;Ki Taek;0:05:46;0:08:04;0:02:18;;;
1;Min arrives + present totem;Kim's House;Living room;Chung Sook;0:05:46;0:08:04;0:02:18;;;
1;Min arrives + present totem;Kim's House;Corridor;Min;0:06:51;0:07:01;0:00:10;;;
1;Min arrives + present totem;Kim's House;Living room;Min;0:07:01;0:08:04;0:01:03;;;
1;Min arrives + present totem;Street by Kim's house;;Min;0:06:15;0:06:51;0:00:36;;;
1;Convicing Pizza Girl;Kim's House;Living room;Ki Taek;0:04:38;0:04:44;0:00:06;;;
2;Teaching plan introduced;Grocery shop;;Ki Woo;0:08:04;0:10:57;0:02:53;;;
2;Teaching plan introduced;Grocery shop;;Min;0:08:04;0:10:57;0:02:53;;;
2;Falsifying Diploma;Internet Café;;Ki Woo;0:10:58;0:11:22;0:00:24;;;
2;Falsifying Diploma;Internet Café;;Ki Jung;0:10:58;0:11:22;0:00:24;;;
2;looking at the diploma;Kim's House;Living room;Ki Woo;0:11:22;0:11:35;0:00:13;;;
2;looking at the diploma;Kim's House;Corridor;Ki Woo;0:11:35;0:12:03;0:00:28;;;
2;looking at the diploma;Kim's House;Living room;Ki Taek;0:11:22;0:12:03;0:00:41;;;
2;looking at the diploma;Kim's House;Corridor;Ki Taek;0:12:03;0:12:10;0:00:07;;;
2;looking at the diploma;Kim's House;Corridor;Chung Sook;0:11:35;0:12:10;0:00:35;;;
2;looking at the diploma;Street by Kim's house;;Ki Woo;0:12:03;0:12:17;0:00:14;;;
3;Ki Woo Arrives at Park's House;Park's House;Entrance-street;Ki Woo;0:12:18;0:12:33;0:00:15;;Move,Up;
3;Ki Woo Arrives at Park's House;Park's House;Entrance-intercom;Ki Woo;0:12:33;0:13:01;0:00:28;;Up;
3;Ki Woo Arrives at Park's House;Park's House;Entrance;Ki Woo;0:13:01;0:13:52;0:00:51;;Move,Up;
3;Ki Woo Arrives at Park's House;Park's House;Entrance;Moon Gwang;0:13:19;0:13:52;0:00:33;;Move;
3;Ki Woo Arrives at Park's House+ Interview;Park's House;Kitchen;Ki Woo;0:13:52;0:15:35;0:01:43;;Move,Static;
3;Ki Woo Arrives at Park's House;Park's House;Kitchen;Moon Gwang;0:13:52;0:14:01;0:00:09;;Move;
3;Looking for Ms. Park;Park's House;Secondary Garden;Moon Gwang;0:14:02;0:14:25;0:00:23;;Move;
3;Looking for Ms. Park;Park's House;Secondary Garden;Yeon Kyo;0:14:02;0:14:25;0:00:23;;Static;
3;Interview English teaching;Park's House;Kitchen;Yeon Kyo;0:14:25;0:15:35;0:01:10;;Static;
3;Interview English teaching;Park's House;Kitchen;Moon Gwang;0:14:57;0:15:03;0:00:06;;Move;
3;Going to Da Hye's room;Park's House;Kitchen;Moon Gwang;0:15:40;0:15:43;0:00:03;;Move;
3;Going to Da Hye's room;Park's House;Entrance-stairs;Yeon Kyo;0:15:35;0:15:43;0:00:08;;Up;
3;Going to Da Hye's room;Park's House;Entrance-stairs;Ki Woo;0:15:35;0:15:43;0:00:08;;Up;
3;Going to Da Hye's room;Park's House;First floor-corridor;Yeon Kyo;0:15:43;0:15:52;0:00:09;;Move;
3;Going to Da Hye's room;Park's House;First floor-corridor;Ki Woo;0:15:43;0:15:52;0:00:09;;Move;
3;First English class;Park's House;Da Hye's room;Ki Woo;0:15:52;0:17:19;0:01:27;;Static;
3;First English class;Park's House;Da Hye's room;Da Hye;0:15:52;0:17:19;0:01:27;;Static;
3;First English class;Park's House;Da Hye's room;Yeon Kyo;0:15:52;0:17:19;0:01:27;;Static;
3;Counting money;Park's House;Mr. & Mrs. Park room;Yeon Kyo;0:17:20;0:17:29;0:00:09;;Static;
3;Giving money + Introducing Da Song;Park's House;Living room;Yeon Kyo;0:17:29;0:19:00;0:01:31;;Static,Move;
3;Giving money + Introducing Da Song;Park's House;Living room;Ki Woo;0:17:29;0:19:00;0:01:31;;Static,Move;
3;Giving money + Introducing Da Song;Park's House;Living room;Moon Gwang;0:17:37;0:18:03;0:00:26;;Move;
3;Giving money + Introducing Da Song;Park's House;Entrance-stairs;Da Song;0:17:54;0:18:03;0:00:09;;Down;
3;Giving money + Introducing Da Song;Park's House;Entrance;Moon Gwang;0:18:03;0:18:20;0:00:17;;Move;
3;Giving money + Introducing Da Song;Park's House;Entrance;Da Song;0:18:03;0:18:20;0:00:17;;Move;
3;Giving money + Introducing Da Song;Park's House;Living room;Moon Gwang;0:18:20;0:18:55;0:00:35;;Move;
3;Giving money + Introducing Da Song;Park's House;Living room;Da Song;0:18:20;0:18:55;0:00:35;;Move;
3;Da Song the artist;Park's House;Kitchen;Ki Woo;0:19:00;0:19:29;0:00:29;;Static;
3;Da Song the artist;Park's House;Kitchen;Yeon Kyo;0:19:00;0:19:29;0:00:29;;Static;
3;Da Song the artist;Park's House;Garden;Da Song;0:18:55;0:19:29;0:00:34;;Move;
3;Da Song the artist;Park's House;Garden;Moon Gwang;0:18:55;0:19:29;0:00:34;;Move;
3;Da Song the artist;Park's House;Entrance;Ki Woo;0:19:29;0:20:12;0:00:43;;Move,Down;
3;Da Song the artist;Park's House;Entrance;Yeon Kyo;0:19:29;0:20:12;0:00:43;;Move,Down;
3;Da Song the artist;Park's House;Entrance-intercom;Ki Woo;0:20:12;0:20:27;0:00:15;;Move,Down;
3;Da Song the artist;Park's House;Entrance-intercom;Yeon Kyo;0:20:12;0:20:37;0:00:25;;Move,Down;
3;Da Song the artist;Park's House;Entrance-street;Ki Woo;0:20:27;0:20:37;0:00:10;;Move,Down;
4;Jessica jingle;Park's House;Entrance-intercom;Ki Woo;0:20:37;0:20:59;0:00:22;;Up;
4;Jessica jingle;Park's House;Entrance-intercom;Ki Jung;0:20:37;0:20:59;0:00:22;;Up;
4;Introducing Jessica to Mrs. Park;Park's House;Entrance-stairs;Da Song;0:20:59;0:21:16;0:00:17;;Down,Up;
4;Introducing Jessica to Mrs. Park;Park's House;Entrance-stairs;Da Hye;0:20:59;0:21:40;0:00:41;;Down,Up,Static;
4;Introducing Jessica to Mrs. Park;Park's House;Kitchen;Ki Woo;0:20:59;0:21:42;0:00:43;;Static,Move;
4;Introducing Jessica to Mrs. Park;Park's House;Kitchen;Yeon Kyo;0:20:59;0:21:42;0:00:43;;Static;
4;Introducing Jessica to Mrs. Park;Park's House;Kitchen;Ki Jung;0:20:59;0:21:42;0:00:43;;Static;
4;Second English class;Park's House;Da Hye's room;Ki Woo;0:21:42;0:25:08;0:03:26;;Static,Move;
4;Second English class;Park's House;Da Hye's room;Da Hye;0:21:42;0:25:08;0:03:26;;Static;
4;First Art class;Park's House;First floor-corridor;Yeon Kyo;0:25:08;0:25:16;0:00:08;;Move;
4;First Art class;Park's House;First floor-corridor;Ki Jung;0:25:08;0:25:18;0:00:10;;Move;
4;First Art class;Park's House;Da Song's room;Yeon Kyo;0:25:16;0:25:36;0:00:20;;Move;
4;First Art class;Park's House;Da Song's room;Ki Jung;0:25:18;0:25:36;0:00:18;;Move;
4;First Art class;Park's House;Da Song's room;Da Song;0:25:16;0:25:36;0:00:20;;Static;
4;What's going on in the art class?;Park's House;Kitchen;Yeon Kyo;0:25:36;0:25:55;0:00:19;;Static;
4;What's going on in the art class?;Park's House;Kitchen;Moon Gwang;0:25:36;0:25:55;0:00:19;;Move;
4;What's going on in the art class?;Park's House;Basement;Moon Gwang;0:25:55;0:26:23;0:00:28;;Down,Up,Move;
4;What's going on in the art class?;Park's House;Basement;Yeon Kyo;0:26:07;0:26:23;0:00:16;;Down,Up,Move;
4;Class sum up + Introducing Mr. Park;Park's House;Kitchen;Yeon Kyo;0:26:23;0:28:51;0:02:28;;Move,Static;
4;Class sum up + Introducing Mr. Park;Park's House;Kitchen;Da Song;0:26:23;0:26:49;0:00:26;;Static,Move;
4;Class sum up + Introducing Mr. Park;Park's House;Kitchen;Ki Jung;0:26:23;0:29:22;0:02:59;;Static;
4;Class sum up + Introducing Mr. Park;Park's House;Kitchen;Moon Gwang;0:26:30;0:27:14;0:00:44;;Move;
4;Class sum up + Introducing Mr. Park;Park's House;Entrance-stairs garage;Mr. Park;0:28:50;0:28:54;0:00:04;;Up;
4;Class sum up + Introducing Mr. Park;Park's House;Entrance-stairs garage;First chaufer;0:28:52;0:28:56;0:00:04;;Up;
4;Class sum up + Introducing Mr. Park;Park's House;Entrance;Yeon Kyo;0:28:51;0:29:22;0:00:31;;Move;
4;Class sum up + Introducing Mr. Park;Park's House;Entrance;Mr. Park;0:28:54;0:29:18;0:00:24;;Move;
4;Class sum up + Introducing Mr. Park;Park's House;Entrance;First chaufer;0:28:56;0:29:22;0:00:26;;Move;
4;Class sum up + Introducing Mr. Park;Park's House;Kitchen;Moon Gwang;0:28:56;0:29:00;0:00:04;;Move;
4;Class sum up + Introducing Mr. Park;Park's House;Entrance;Moon Gwang;0:29:00;0:29:07;0:00:07;;Move;
4;Class sum up + Introducing Mr. Park;Park's House;Entrance-stairs;Mr. Park;0:29:18;0:29:22;0:00:04;;Up;
4;Kijung pants in the car;Mr.Park's car;;First chaufer;0:29:22;0:30:34;0:01:12;;;
4;Kijung pants in the car;Mr.Park's car;;Ki Jung;0:29:22;0:30:34;0:01:12;;;
5;Family lunch at Drivers restaurant;Buffet restaurant;;Ki Jung;0:30:34;0:31:44;0:01:10;;;
5;Family lunch at Drivers restaurant;Buffet restaurant;;Ki Woo;0:30:34;0:31:44;0:01:10;;;
5;Family lunch at Drivers restaurant;Buffet restaurant;;Ki Taek;0:30:34;0:31:44;0:01:10;;;
5;Family lunch at Drivers restaurant;Buffet restaurant;;Chung Sook;0:30:34;0:31:44;0:01:10;;;
5;Sr Park discover the Pants;Mr.Park's car;;Mr. Park;0:31:44;0:32:12;0:00:28;;;
5;Sr Park discover the Pants;Mr.Park's car;;First chaufer;0:31:44;0:32:12;0:00:28;;;
5;Firing first driver;Park's House;Entrance-stairs garage;Mr. Park;0:32:12;0:32:17;0:00:05;;Up;
5;Firing first driver;Park's House;Living room;Mr. Park;0:32:17;0:32:22;0:00:05;;Move;
5;Firing first driver;Park's House;Living room;Yeon Kyo;0:32:12;0:32:22;0:00:10;;Static,Move;
5;Firing first driver;Park's House;Kitchen;Mr. Park;0:32:22;0:35:08;0:02:46;;Move,Static;
5;Firing first driver;Park's House;Kitchen;Yeon Kyo;0:32:22;0:35:08;0:02:46;;Move,Static;
5;Firing first driver;Park's House;Entrance-stairs;Ki Jung;0:34:31;0:34:58;0:00:27;;Down,Static;
5;Ki Taek the new driver;Park's House;Entrance;Ki Jung;0:34:58;0:35:08;0:00:10;;Move;
5;Ki Taek the new driver;Park's House;Entrance;Yeon Kyo;0:35:08;0:35:31;0:00:23;;Move,Down;
5;Ki Taek the new driver;Park's House;Entrance;Ki Jung;0:35:08;0:35:25;0:00:17;;Move,Down;
5;Ki Taek the new driver;Park's House;Entrance-intercom;Ki Jung;0:35:25;0:35:51;0:00:26;;Move,Down;
5;Ki Taek the new driver;Park's House;Entrance-intercom;Yeon Kyo;0:35:31;0:35:51;0:00:20;;Move,Down;
5;Ki Taek the new driver;Park's House;Entrance-street;Ki Jung;0:35:51;0:37:05;0:01:14;;Move,Down;
5;Ki Taek the new driver;Park's House;Entrance-street;Yeon Kyo;0:35:51;0:37:05;0:01:14;;Move,Down,Static;
5;Ki Taek the new driver;Park's House;Entrance-street;Moon Gwang;0:35:51;0:37:05;0:01:14;;Move,Up,Static;
5;Ki Taek the new driver;Authorised Dealer;;Ki Woo;0:37:05;0:37:28;0:00:23;;;
5;Ki Taek the new driver;Authorised Dealer;;Ki Taek;0:37:05;0:37:28;0:00:23;;;
5;Ki Taek the new driver;Mr's Park Office;;Ki Taek;0:37:28;0:38:04;0:00:36;;;
5;Ki Taek the new driver;Mr's Park Office;Meeting room;Mr. Park;0:35:39;0:38:04;0:02:25;;;
5;Ki Taek the new driver;Mr.Park's car;;Ki Taek;0:38:04;0:39:10;0:01:06;;;
5;Ki Taek the new driver;Mr.Park's car;;Mr. Park;0:38:04;0:39:10;0:01:06;;;
6;Ki Jung spots maid sleeping;Park's House;Entrance-stairs;Ki Jung;0:39:10;0:39:14;0:00:04;;Down;
6;Ki Jung spots maid sleeping;Park's House;Entrance;Ki Jung;0:39:14;0:39:17;0:00:03;;Move;
6;Ki Jung spots maid sleeping;Park's House;Kitchen;Moon Gwang;0:39:10;0:39:17;0:00:07;;Static;
6;English class- Moon Gwang story;Park's House;Da Hye's room;Ki Woo;0:39:17;0:39:31;0:00:14;;Static;
6;English class- Moon Gwang story;Park's House;Da Hye's room;Da Hye;0:39:17;0:39:31;0:00:14;;Static;
6;English class- Moon Gwang story;Park's House;Da Hye's room;Moon Gwang;0:39:17;0:39:30;0:00:13;;Move;
6;Moon Gwang story;Park's House;First floor-corridor;Moon Gwang;0:39:30;0:39:36;0:00:06;;Move;
6;Moon Gwang story;Park's House;Toilet;Mr. Park;0:39:36;0:39:42;0:00:06;;Static;
6;We need a plan to quick out maid;Pizza place;;Ki Jung;0:39:45;0:39:57;0:00:12;;;
6;We need a plan to quick out maid;Pizza place;;Ki Taek;0:39:45;0:39:57;0:00:12;;;
6;We need a plan to quick out maid;Pizza place;;Ki Woo;0:39:45;0:39:57;0:00:12;;;
6;We need a plan to quick out maid;Pizza place;;Pizza girl;0:39:45;0:39:57;0:00:12;;;
6;English class - Forbidden fruit;Park's House;Da Hye's room;Ki Woo;0:39:57;0:40:06;0:00:09;;Static;
6;English class - Forbidden fruit;Park's House;Da Hye's room;Da Hye;0:39:57;0:40:06;0:00:09;;Static;
6;Buying a peach;Grocery shop;;Ki Jung;0:40:06;0:40:14;0:00:08;;;
6;Peeling peach;Street by Kim's house;;Ki Woo;0:40:14;0:40:24;0:00:10;;;
6;Inoculation;Park's House;Entrance;Ki Woo;0:40:24;0:40:33;0:00:09;;Move;
6;Inoculation;Park's House;Entrance-street;Ki Woo;0:40:33;0:40:37;0:00:04;;Move,Down;
6;Inoculation;Park's House;Entrance;Moon Gwang;0:40:24;0:40:37;0:00:13;;Static;
6;Moon Gwang at the hospital;Hospital;;Moon Gwang;0:40:37;0:40:57;0:00:20;;;
6;Moon Gwang at the hospital;Hospital;;Ki Taek;0:40:37;0:40:57;0:00:20;;;
6;Showing picture to Yeon Kyo;Shopping Mall;Exit;Ki Taek;0:40:57;0:41:16;0:00:19;;;
6;Showing picture to Yeon Kyo;Shopping Mall;Exit;Yeon Kyo;0:40:57;0:41:16;0:00:19;;;
6;Showing picture to Yeon Kyo;Shopping Mall;Parking;Ki Taek;0:41:16;0:41:31;0:00:15;;;
6;Showing picture to Yeon Kyo;Shopping Mall;Parking;Yeon Kyo;0:41:16;0:41:31;0:00:15;;;
6;Practising performance;Kim's House;Corridor;Ki Taek;0:41:31;0:41:50;0:00:19;;;
6;Practising performance;Kim's House;Corridor;Chung Sook;0:41:31;0:41:50;0:00:19;;;
6;Practising performance;Kim's House;Living room;Ki Woo;0:41:31;0:41:50;0:00:19;;;
6;Disease revelation;Mr.Park's car;;Yeon Kyo;0:41:50;0:41:59;0:00:09;;;
6;Disease revelation;Mr.Park's car;;Ki Taek;0:41:50;0:41:59;0:00:09;;;
6;Practising performance II;Kim's House;Corridor;Ki Taek;0:41:59;0:42:08;0:00:09;;;
6;Practising performance II;Kim's House;Corridor;Chung Sook;0:41:59;0:42:08;0:00:09;;;
6;Practising performance II;Kim's House;Living room;Ki Woo;0:41:59;0:42:08;0:00:09;;;
6;Disease revelation II;Mr.Park's car;;Yeon Kyo;0:42:08;0:42:15;0:00:07;;;
6;Disease revelation II;Mr.Park's car;;Ki Taek;0:42:08;0:42:15;0:00:07;;;
6;Practising performance III;Kim's House;Corridor;Chung Sook;0:42:15;0:42:18;0:00:03;;;
6;Practising performance III;Kim's House;Living room;Ki Woo;0:42:15;0:42:18;0:00:03;;;
6;Disease revelation III;Mr.Park's car;;Yeon Kyo;0:42:18;0:42:20;0:00:02;;;
6;Disease revelation III;Mr.Park's car;;Ki Taek;0:42:18;0:42:20;0:00:02;;;
6;Practising performance IV;Kim's House;Corridor;Chung Sook;0:42:20;0:42:29;0:00:09;;;
6;Practising performance IV;Kim's House;Living room;Ki Woo;0:42:20;0:42:29;0:00:09;;;
6;Practising performance IV;Kim's House;Corridor;Ki Jung;0:42:21;0:42:29;0:00:08;;;
6;Disease revelation IV;Mr.Park's car;;Yeon Kyo;0:42:29;0:42:34;0:00:05;;;
6;Disease revelation IV;Mr.Park's car;;Ki Taek;0:42:29;0:42:34;0:00:05;;;
6;Practising performance V;Kim's House;Corridor;Chung Sook;0:42:34;0:42:40;0:00:06;;;
6;Practising performance V;Kim's House;Living room;Ki Woo;0:42:34;0:42:40;0:00:06;;;
6;Practising performance V;Kim's House;Corridor;Ki Jung;0:42:34;0:42:40;0:00:06;;;
6;Practising performance V;Kim's House;Corridor;Ki Taek;0:42:34;0:42:40;0:00:06;;;
6;Disease revelation V;Mr.Park's car;;Yeon Kyo;0:42:40;0:42:47;0:00:07;;;
6;Disease revelation V;Mr.Park's car;;Ki Taek;0:42:40;0:42:47;0:00:07;;;
6;Painting & taking peach;Park's House;Da Song's room;Ki Jung;0:42:47;0:42:58;0:00:11;;Static;
6;Painting & taking peach;Park's House;Da Song's room;Da Song;0:42:47;0:42:58;0:00:11;;Static;
6;Inoculation II;Park's House;Entrance-stairs;Ki Jung;0:42:58;0:43:00;0:00:02;;Down;
6;Inoculation II;Park's House;Kitchen;Moon Gwang;0:42:58;0:43:17;0:00:19;;Static;
6;Inoculation II;Park's House;Entrance;Ki Jung;0:43:00;0:43:06;0:00:06;;Move;
6;Inoculation II;Park's House;Kitchen;Ki Jung;0:43:06;0:43:17;0:00:11;;Move;
6;Arriving home;Park's House;Garage;Ki Taek;0:43:17;0:43:23;0:00:06;;Move;
6;Arriving home;Park's House;Garage;Yeon Kyo;0:43:17;0:43:23;0:00:06;;Move;
6;Tissue on the trash;Park's House;Entrance-stairs garage;Ki Taek;0:43:23;0:43:41;0:00:18;;Up;
6;Tissue on the trash;Park's House;Entrance-stairs garage;Yeon Kyo;0:43:23;0:43:41;0:00:18;;Up;
6;Tissue on the trash;Park's House;Kitchen;Moon Gwang;0:43:23;0:43:41;0:00:18;;Move;
6;Ketchup idea;Kim's House;Room I;Ki Woo;0:43:41;0:43:45;0:00:04;;;
6;Ketchup idea;Kim's House;Room I;Ki Jung;0:43:41;0:43:45;0:00:04;;;
6;Blood on tissue;Park's House;Entrance;Ki Taek;0:43:45;0:43:51;0:00:06;;Move;
6;Blood on tissue;Park's House;Entrance;Yeon Kyo;0:43:45;0:44:14;0:00:29;;Move,Static;
6;Blood on tissue;Park's House;Kitchen;Moon Gwang;0:43:41;0:43:53;0:00:12;;Move;
6;Blood on tissue;Park's House;Kitchen;Ki Taek;0:43:51;0:44:14;0:00:23;;Move;
6;Dont tell Mr.Park chat;Park's House;Entrance-stairs;Ki Taek;0:44:14;0:44:26;0:00:12;;Up;
6;Dont tell Mr.Park chat;Park's House;Sauna room;Ki Taek;0:44:26;0:45:40;0:01:14;;Move,Static;
6;Dont tell Mr.Park chat;Park's House;Sauna room;Yeon Kyo;0:44:26;0:45:40;0:01:14;;Static;
6;Firing Moon Gwang;Park's House;Kitchen;Da Song;0:45:40;0:45:46;0:00:06;;Static;
6;Firing Moon Gwang;Park's House;Secondary Garden;Yeon Kyo;0:45:40;0:46:01;0:00:21;;Static;
6;Firing Moon Gwang;Park's House;Secondary Garden;Moon Gwang;0:45:40;0:46:01;0:00:21;;Static;
6;Moon Gwang leaving;Park's House;Entrance-street;Moon Gwang;0:46:01;0:46:19;0:00:18;;Move,Down;
6;"Introducing ""The care""";Mr.Park's car;;Ki Taek;0:46:19;0:49:40;0:03:21;;;
6;"Introducing ""The care""";Mr.Park's car;;Mr. Park;0:46:19;0:49:40;0:03:21;;;
6;Hiring new maid;Kim's House;Living room;Ki Jung;0:49:40;0:49:46;0:00:06;;;
6;Hiring new maid;Park's House;Kitchen;Yeon Kyo;0:49:46;0:49:51;0:00:05;;Move;
6;Hiring new maid;Kim's House;Living room;Ki Jung;0:49:51;0:49:53;0:00:02;;;
6;Hiring new maid;Kim's House;Corridor;Ki Jung;0:49:53;0:49:58;0:00:05;;;
6;Hiring new maid;Kim's House;Living room;Chung Sook;0:49:51;0:49:58;0:00:07;;;
6;Hiring new maid;Kim's House;Living room;Ki Taek;0:49:51;0:49:58;0:00:07;;;
6;Hiring new maid;Park's House;Kitchen;Yeon Kyo;0:49:58;0:50:04;0:00:06;;Move;
6;Hiring new maid;Kim's House;Room I;Ki Jung;0:50:04;0:50:16;0:00:12;;;
6;Hiring new maid;Kim's House;Corridor;Ki Taek;0:50:04;0:50:16;0:00:12;;;
6;Hiring new maid;Park's House;Kitchen;Yeon Kyo;0:50:16;0:50:29;0:00:13;;Move;
6;Fruit delivery;Park's House;Entrance-stairs;Chung Sook;0:50:29;0:50:33;0:00:04;;Up;
6;Fruit delivery;Park's House;First floor-corridor;Chung Sook;0:50:33;0:50:37;0:00:04;;Move;
6;Fruit delivery;Park's House;Da Hye's room;Chung Sook;0:50:37;0:50:45;0:00:08;;Move;
6;Fruit delivery;Park's House;Da Hye's room;Da Hye;0:50:37;0:50:45;0:00:08;;Static;
6;Fruit delivery;Park's House;Da Hye's room;Ki Woo;0:50:37;0:50:45;0:00:08;;Static;
6;Fruit delivery;Park's House;First floor-corridor;Chung Sook;0:50:45;0:50:50;0:00:05;;Move;
6;Fruit delivery;Park's House;Da Song's room;Chung Sook;0:50:50;0:51:02;0:00:12;;Move;
6;Fruit delivery;Park's House;Da Song's room;Da Song;0:50:50;0:51:09;0:00:19;;Static,Move;
6;Fruit delivery;Park's House;Da Song's room;Ki Jung;0:50:50;0:51:11;0:00:21;;Static;
7;Mr.Park arrives - They all smell the same way;Park's House;First floor-corridor;Da Song;0:51:09;0:51:11;0:00:02;;Move;
7;Mr.Park arrives - They all smell the same way;Park's House;Entrance-stairs;Da Song;0:51:11;0:51:15;0:00:04;;Down;
7;Mr.Park arrives - They all smell the same way;Park's House;Entrance;Mr. Park;0:51:14;0:51:18;0:00:04;;Move;
7;Mr.Park arrives - They all smell the same way;Park's House;Entrance;Ki Taek;0:51:14;0:51:23;0:00:09;;Move;
7;Mr.Park arrives - They all smell the same way;Park's House;Entrance;Chung Sook;0:51:18;0:51:23;0:00:05;;Move;
7;Mr.Park arrives - They all smell the same way;Park's House;Entrance;Da Song;0:51:15;0:51:18;0:00:03;;Move;
7;Mr.Park arrives - They all smell the same way;Park's House;Kitchen;Mr. Park;0:51:18;0:51:58;0:00:40;;Move;
7;Mr.Park arrives - They all smell the same way;Park's House;Kitchen;Da Song;0:51:18;0:51:58;0:00:40;;Move;
7;Mr.Park arrives - They all smell the same way;Park's House;Kitchen;Ki Taek;0:51:23;0:51:58;0:00:35;;Move;
7;Mr.Park arrives - They all smell the same way;Park's House;Kitchen;Chung Sook;0:51:23;0:51:58;0:00:35;;Move;
7;Mr.Park arrives - They all smell the same way;Park's House;Kitchen;Yeon Kyo;0:51:18;0:51:58;0:00:40;;Move;
7;Toast for Mr. Park +Water war;Kim's House;Living room;Chung Sook;0:51:58;0:53:51;0:01:53;;;
7;Toast for Mr. Park +Water war;Kim's House;Living room;Ki Taek;0:51:58;0:53:29;0:01:31;;;
7;Toast for Mr. Park +Water war;Kim's House;Living room;Ki Woo;0:51:58;0:53:09;0:01:11;;;
7;Toast for Mr. Park +Water war;Kim's House;Corridor;Ki Woo;0:53:09;0:53:16;0:00:07;;;
7;Toast for Mr. Park +Water war;Kim's House;Living room;Ki Jung;0:51:58;0:53:51;0:01:53;;;
7;Toast for Mr. Park +Water war;Street by Kim's house;;Ki Woo;0:53:16;0:53:51;0:00:35;;;
7;Toast for Mr. Park +Water war;Street by Kim's house;;Ki Taek;0:53:29;0:53:51;0:00:22;;;
7;Preparing for travel;Park's House;Garden;Da Song;0:53:51;0:54:35;0:00:44;;Static;
7;Preparing for travel;Park's House;Kitchen;Mr. Park;0:53:51;0:54:35;0:00:44;;Static;
7;Preparing for travel;Park's House;Kitchen;Da Hye;0:53:51;0:54:35;0:00:44;;Static;
7;Preparing for travel;Park's House;Kitchen;Yeon Kyo;0:54:17;0:54:35;0:00:18;;Move;
7;Preparing for travel;Park's House;Basement;Yeon Kyo;0:54:35;0:54:49;0:00:14;;Down,Up;
7;Preparing for travel;Park's House;Basement;Chung Sook;0:54:35;0:54:49;0:00:14;;Move;
7;Preparing for travel;Park's House;Living room;Yeon Kyo;0:54:49;0:55:03;0:00:14;;Static;
7;Preparing for travel;Park's House;Living room;Chung Sook;0:54:49;0:55:03;0:00:14;;Static;
7;Preparing for travel;Park's House;Living room;Da Hye;0:54:49;0:54:59;0:00:10;;Move;
7;Preparing for travel;Park's House;Living room;Mr. Park;0:54:53;0:54:59;0:00:06;;Move;
7;Preparing for travel;Park's House;Entrance-stairs garage;Da Hye;0:54:59;0:55:03;0:00:04;;Down;
7;Preparing for travel;Park's House;Entrance-stairs garage;Mr. Park;0:54:59;0:55:03;0:00:04;;Down;
7;Leaving for travel;Park's House;Garage;Mr. Park;0:55:03;0:55:17;0:00:14;;Static;
7;Leaving for travel;Park's House;Garage;Da Hye;0:55:03;0:55:17;0:00:14;;Static;
7;Leaving for travel;Park's House;Garage;Yeon Kyo;0:55:03;0:55:17;0:00:14;;Static;
7;Leaving for travel;Park's House;Garage;Da Song;0:55:03;0:55:17;0:00:14;;Static;
7;Leaving for travel;Park's House;Garage;Chung Sook;0:55:03;0:55:21;0:00:18;;Move;
7;Kim family enjoys  the house;Park's House;Living room;Chung Sook;0:55:21;0:55:54;0:00:33;;Static;
7;Kim family enjoys  the house;Park's House;Living room;Ki Taek;0:55:21;0:55:54;0:00:33;;Static;
7;Kim family enjoys  the house;Park's House;Garden;Ki Woo;0:55:21;0:55:54;0:00:33;;Static;
7;Kim family enjoys  the house;Park's House;Kitchen;Ki Woo;0:55:54;0:56:00;0:00:06;;Move;
7;Kim family enjoys  the house;Park's House;Toilet;Ki Jung;0:56:00;0:56:10;0:00:10;;Static;
7;Kim family enjoys  the house;Park's House;Toilet;Ki Woo;0:56:02;0:56:10;0:00:08;;Move;
7;Kim family enjoys  the house;Park's House;First floor-corridor;Ki Woo;0:56:00;0:56:02;0:00:02;;Move;
7;Kim Woo picks Da Hye's diary;Park's House;Da Hye's room;Ki Woo;0:56:10;0:56:21;0:00:11;;Move,Static;
7;Kim's family plays in the garden;Park's House;Garden;Ki Jung;0:56:21;0:56:31;0:00:10;;Static;
7;Kim's family plays in the garden;Park's House;Garden;Ki Woo;0:56:21;0:56:31;0:00:10;;Static;
7;Kim's family plays in the garden;Park's House;Garden;Ki Taek;0:56:21;0:56:31;0:00:10;;Static;
7;Kim's family plays in the garden;Park's House;Garden;Chung Sook;0:56:21;0:56:31;0:00:10;;Move;
7;Drinking+ someone calls;Park's House;Living room;Chung Sook;0:56:31;1:02:46;0:06:15;;Static;
7;Drinking+ someone calls;Park's House;Living room;Ki Taek;0:56:31;1:05:07;0:08:36;;Static;
7;Drinking+ someone calls;Park's House;Living room;Ki Woo;0:56:31;1:05:07;0:08:36;;Static;
7;Drinking+ someone calls;Park's House;Living room;Ki Jung;0:56:31;1:05:07;0:08:36;;Static;
8;Moon Gwang returns;Park's House;Entrance-intercom;Moon Gwang;1:02:46;1:04:22;0:01:36;;Static;
8;Moon Gwang wants something in the basement;Park's House;Entrance;Chung Sook;1:02:46;1:04:41;0:01:55;;Move;
8;Moon Gwang wants something in the basement;Park's House;Entrance;Moon Gwang;1:04:22;1:04:37;0:00:15;;Move;
8;Moon Gwang wants something in the basement;Park's House;Kitchen;Moon Gwang;1:04:37;1:05:03;0:00:26;;Move;
8;Moon Gwang wants something in the basement;Park's House;Kitchen;Chung Sook;1:04:41;1:05:07;0:00:26;;Move;
8;Moon Gwang wants something in the basement;Park's House;Living room;Ki Taek;1:05:12;1:05:34;0:00:22;;Static;
8;Moon Gwang wants something in the basement;Park's House;Living room;Ki Woo;1:05:12;1:05:34;0:00:22;;Static;
8;Moon Gwang wants something in the basement;Park's House;Living room;Ki Jung;1:05:12;1:05:34;0:00:22;;Static;
8;Moon Gwang wants something in the basement;Park's House;Kitchen;Chung Sook;1:05:12;1:05:34;0:00:22;;Static,Move;
8;The  basement's secret door;Park's House;Basement;Chung Sook;1:05:34;1:06:35;0:01:01;;Down,Move;
8;The  basement's secret door;Park's House;Basement;Moon Gwang;1:05:34;1:06:28;0:00:54;;Down,Move;
8;The  basement's secret door;Park's House;Basement;Ki Woo;1:06:14;1:06:40;0:00:26;;Down,Hiding;
8;The  basement's secret door;Park's House;Cave;Moon Gwang;1:06:28;1:12:08;0:05:40;;Down,Move,Static;
8;The  basement's secret door;Park's House;Basement;Ki Taek;1:06:30;1:06:40;0:00:10;;Down,Hiding;
8;The  basement's secret door;Park's House;Basement;Ki Jung;1:06:30;1:06:40;0:00:10;;Down,hiding;
8;"Discovering the ""parasite""+ Kim's family fall+the rules of the game change";Park's House;Cave;Chung Sook;1:06:35;1:12:08;0:05:33;;Down,Move;
8;"Discovering the ""parasite""+ Kim's family fall+the rules of the game change";Park's House;Cave;Geun Se;1:06:53;1:12:08;0:05:15;;Static,Move,Up;
8;"Discovering the ""parasite""+ Kim's family fall+the rules of the game change";Park's House;Cave;Ki Woo;1:07:44;1:12:08;0:04:24;;Hiding,Down,Move;
8;"Discovering the ""parasite""+ Kim's family fall+the rules of the game change";Park's House;Cave;Ki Taek;1:07:44;1:12:08;0:04:24;;Hiding,Down,Move;
8;"Discovering the ""parasite""+ Kim's family fall+the rules of the game change";Park's House;Cave;Ki Jung;1:07:44;1:12:08;0:04:24;;Hiding,Down,Move;
8;Kim's family extorted by Moon Gwang+ memories;Park's House;Living room;Geun Se;1:12:08;1:16:32;0:04:24;;Static,Move;
8;Kim's family extorted by Moon Gwang+ memories;Park's House;Living room;Moon Gwang;1:12:08;1:16:32;0:04:24;;Static,Move;
8;Kim's family extorted by Chung Sook;Park's House;Living room;Ki Woo;1:12:08;1:13:57;0:01:49;;Static;
8;Kim's family extorted by Chung Sook;Park's House;Living room;Ki Taek;1:12:08;1:13:57;0:01:49;;Static;
8;Kim's family extorted by Chung Sook;Park's House;Living room;Ki Jung;1:12:08;1:13:57;0:01:49;;Static;
8;Kim's family extorted by Chung Sook;Park's House;Living room;Chung Sook;1:12:08;1:13:57;0:01:49;;Static;
8;Kim family attack + peach inoculation;Park's House;Living room;Chung Sook;1:14:28;1:15:34;0:01:06;;Move;
8;Kim family attack + peach inoculation;Park's House;Living room;Ki Woo;1:14:28;1:16:32;0:02:04;;Move;
8;Kim family attack + peach inoculation;Park's House;Living room;Ki Taek;1:14:28;1:16:32;0:02:04;;Move;
8;Kim family attack + peach inoculation;Park's House;Living room;Ki Jung;1:14:28;1:15:06;0:00:38;;Move;
8;Kim family attack + peach inoculation;Park's House;Entrance;Ki Jung;1:15:06;1:15:07;0:00:01;;Move;
8;Kim family attack + peach inoculation;Park's House;Kitchen;Ki Jung;1:15:07;1:15:11;0:00:04;;Move;
8;Kim family attack + peach inoculation;Park's House;Living room;Ki Jung;1:15:11;1:30:52;0:15:41;;Move,Hiding;
8;Park family will be back in 8 minutes;Park's House;Living room;Chung Sook;1:15:34;1:16:32;0:00:58;;Move;In the following scenes, with many characters in different locations, I  also consider off-screen character locations.
8;Park family will be back in 8 minutes;Mr.Park's car;;Yeon Kyo;1:15:41;1:16:27;0:00:46;;;
8;Park family will be back in 8 minutes;Mr.Park's car;;Mr. Park;1:15:41;1:16:27;0:00:46;;;
8;Park family will be back in 8 minutes;Mr.Park's car;;Da Hye;1:15:41;1:16:27;0:00:46;;;
8;Park family will be back in 8 minutes;Mr.Park's car;;Da Song;1:15:41;1:16:27;0:00:46;;;
8;Preparing Ram Don + locking Geun Se and Moon Gwang in the Cave;Park's House;Kitchen;Chung Sook;1:16:32;1:21:24;0:04:52;;Move;
8;Preparing Ram Don + locking Geun Se and Moon Gwang in the Cave;Park's House;Kitchen;Ki Taek;1:16:44;1:16:54;0:00:10;;Move;
8;Preparing Ram Don + locking Geun Se and Moon Gwang in the Cave;Park's House;Kitchen;Geun Se;1:16:44;1:16:54;0:00:10;;Move;
8;Preparing Ram Don + locking Geun Se and Moon Gwang in the Cave;Park's House;Kitchen;Ki Woo;1:16:50;1:16:54;0:00:04;;Move;
8;Preparing Ram Don + locking Geun Se and Moon Gwang in the Cave;Park's House;Kitchen;Moon Gwang;1:16:50;1:16:54;0:00:04;;Move;
8;Preparing Ram Don + locking Geun Se and Moon Gwang in the Cave;Park's House;Cave;Ki Woo;1:16:54;1:17:23;0:00:29;;Down,Move,Up;
8;Preparing Ram Don + locking Geun Se and Moon Gwang in the Cave;Park's House;Cave;Moon Gwang;1:16:54;1:18:11;0:01:17;;Down,Move;
8;Preparing Ram Don + locking Geun Se and Moon Gwang in the Cave;Park's House;Cave;Ki Taek;1:16:54;1:18:18;0:01:24;;Down,Move;
8;Preparing Ram Don + locking Geun Se and Moon Gwang in the Cave;Park's House;Cave;Geun Se;1:16:54;1:24:14;0:07:20;;Down,Move,Static;When Ki Taek leaves the cave. 1:49:21 till last time he appears this night,  1:37:50 till flooding
8;Preparing Ram Don + locking Geun Se and Moon Gwang in the Cave;Park's House;Kitchen;Ki Woo;1:17:23;1:17:26;0:00:03;;Move;
8;Bringing back diary to Da Hye;Park's House;Living room;Ki Woo;1:17:26;1:17:31;0:00:05;;Move;
8;Parks are back;Park's House;Entrance-stairs;Ki Woo;1:17:34;1:17:37;0:00:03;;Up;
8;Parks are back;Park's House;Entrance-stairs garage;Da Song;1:17:41;1:17:45;0:00:04;;Up;
8;Parks are back;Park's House;Entrance-stairs garage;Da Hye;1:17:41;1:17:47;0:00:06;;Up;
8;Parks are back;Park's House;Entrance-stairs garage;Yeon Kyo;1:17:41;1:17:49;0:00:08;;Up;
8;Parks are back;Park's House;Living room;Da Song;1:17:45;1:17:49;0:00:04;;Move;
8;Parks are back;Park's House;Living room;Da Hye;1:17:47;1:17:50;0:00:03;;Move;
8;Parks are back;Park's House;Living room;Yeon Kyo;1:17:49;1:17:53;0:00:04;;Move;
8;Parks are back;Park's House;Entrance;Da Song;1:17:49;1:17:53;0:00:04;;Move;
8;Parks are back;Park's House;Entrance;Da Hye;1:17:50;1:17:53;0:00:03;;Move;
8;Bringing back diary to Da Hye + hiding in her room;Park's House;Da Hye's room;Ki Woo;1:17:53;1:24:55;0:07:02;;Move,Hiding;
8;Bringing back diary to Da Hye;Park's House;Da Hye's room;Da Hye;1:17:56;1:24:42;0:06:46;;Move,Static;
8;Yeon Kyo eats Ram-Don;Park's House;Kitchen;Yeon Kyo;1:18:14;1:21:24;0:03:10;;Move,Static;
8;Moon Gwang scapes and falls through stairs;Park's House;Basement;Moon Gwang;1:18:11;1:18:49;0:00:38;;Move,Up,Down;
8;Moon Gwang scapes and falls through stairs;Park's House;Basement;Ki Taek;1:18:18;1:18:49;0:00:31;;Move;
8;Moon Gwang scapes and falls through stairs;Park's House;Cave;Moon Gwang;1:18:49;1:24:14;0:05:25;;Down,Move,Static;When Ki Taek leaves the cave. death: 1:37:20
8;Moon Gwang scapes and falls through stairs;Park's House;Cave;Ki Taek;1:18:49;1:24:14;0:05:25;;Down,Move,Static;
8;Welcome Mr. Park -Morse;Park's House;Entrance-stairs garage;Mr. Park;1:19:32;1:19:40;0:00:08;;Up;
8;Welcome Mr. Park -Morse;Park's House;Living room;Mr. Park;1:19:40;1:19:45;0:00:05;;Move;
8;Welcome Mr. Park -Morse;Park's House;Entrance;Mr. Park;1:19:45;1:19:46;0:00:01;;Move;
8;Ghost memory;Park's House;Kitchen;Da Song;1:21:24;1:21:39;0:00:15;;Static;
8;Ghost memory;Park's House;Basement;Geun Se;1:21:33;1:21:39;0:00:06;;Up;
8;Da Song story;Park's House;Kitchen;Chung Sook;1:21:39;1:25:15;0:03:36;;Static,Move;
8;Da Song story;Park's House;Kitchen;Yeon Kyo;1:21:39;1:23:23;0:01:44;;Static;
8;Locking Moon Gwang up;Park's House;Basement;Ki Taek;1:24:14;1:25:06;0:00:52;;Move;
8;Da Hye complains of not having Ram Don;Park's House;First floor-corridor;Da Hye;1:24:42;1:25:06;0:00:24;;Move;
8;Da Hye complains of not having Ram Don;Park's House;Entrance-stairs;Yeon Kyo;1:24:42;1:24:44;0:00:02;;Up;
8;Da Hye complains of not having Ram Don;Park's House;First floor-corridor;Yeon Kyo;1:24:44;1:25:06;0:00:22;;Move;
8;Da Hye complains of not having Ram Don;Park's House;First floor-corridor;Ki Woo;1:24:55;1:25:06;0:00:11;;Move;
8;Hiding in the living room+Da song camps in garden;Park's House;Kitchen;Ki Taek;1:25:06;1:25:15;0:00:09;;Move;
8;Hiding in the living room+Da song camps in garden;Park's House;Entrance;Ki Woo;1:25:11;1:25:17;0:00:06;;Move;
8;Hiding in the living room+Da song camps in garden;Park's House;Entrance;Ki Taek;1:25:15;1:25:17;0:00:02;;Move;
8;Hiding in the living room+Da song camps in garden;Park's House;Entrance;Chung Sook;1:25:15;1:25:17;0:00:02;;Move;
8;Hiding in the living room+Da song camps in garden;Park's House;Living room;Ki Woo;1:25:17;1:30:53;0:05:36;;Move,Hiding;
8;Hiding in the living room+Da song camps in garden;Park's House;Living room;Ki Taek;1:25:17;1:31:44;0:06:27;;Move,Hiding;
8;Hiding in the living room+Da song camps in garden;Park's House;Living room;Chung Sook;1:25:17;1:25:31;0:00:14;;Move,Static;
8;Hiding in the living room+Da song camps in garden;Park's House;Entrance-stairs;Da Song;1:25:19;1:25:22;0:00:03;;Down;
8;Hiding in the living room+Da song camps in garden;Park's House;Living room;Da Song;1:25:22;1:25:28;0:00:06;;Move;
8;Hiding in the living room+Da song camps in garden;Park's House;Garden;Da Song;1:25:28;1:27:01;0:01:33;;Move,Static;When the action stops being relevant for the film development. He stays in the garden till: 1:41:32
8;Hiding in the living room+Da song camps in garden;Park's House;Living room;Yeon Kyo;1:25:28;1:25:36;0:00:08;;Down;
8;Hiding in the living room+Da song camps in garden;Park's House;Entrance-stairs;Mr. Park;1:25:28;1:25:33;0:00:05;;Move;
8;Hiding in the living room+Da song camps in garden;Park's House;Entrance;Chung Sook;1:25:31;1:25:40;0:00:09;;Move;
8;Hiding in the living room+Da song camps in garden;Park's House;Entrance;Mr. Park;1:25:33;1:25:36;0:00:03;;Move;
8;Hiding in the living room+Da song camps in garden;Park's House;Entrance-stairs;Da Hye;1:25:32;1:25:45;0:00:13;;Down;
8;Hiding in the living room+Da song camps in garden;Park's House;Living room;Mr. Park;1:25:36;1:25:45;0:00:09;;Move;
8;Hiding in the living room+Da song camps in garden;Park's House;Living room;Chung Sook;1:25:41;1:25:52;0:00:11;;Move;
8;Hiding in the living room+Da song camps in garden;Park's House;Garden;Yeon Kyo;1:25:36;1:26:14;0:00:38;;Move;
8;Hiding in the living room+Da song camps in garden;Park's House;Garden;Mr. Park;1:25:45;1:26:20;0:00:35;;Move;
8;Hiding in the living room+Da song camps in garden;Park's House;Living room;Da Hye;1:25:45;1:26:32;0:00:47;;Move,Static;
8;Hiding in the living room+Da song camps in garden;Park's House;Entrance;Chung Sook;1:25:52;1:26:05;0:00:13;;Move;
8;Hiding in the living room+Da song camps in garden;Park's House;Living room;Chung Sook;1:26:05;1:26:35;0:00:30;;Move;
8;Hiding in the living room+sex scene;Park's House;Living room;Yeon Kyo;1:26:14;1:31:48;0:05:34;;Move,Static;when the Kim's enter in the garage. They are in the living room till 1:41:32
8;Hiding in the living room+sex scene;Park's House;Living room;Mr. Park;1:26:20;1:31:48;0:05:28;;Move,Static;when the Kim's enter in the garage. They are in the living room till 1:41:33
8;Hiding in the living room+Da song camps in garden;Park's House;Entrance;Da Hye;1:26:32;1:26:35;0:00:03;;Move;
8;Hiding in the living room+Da song camps in garden;Park's House;Entrance;Chung Sook;1:26:35;1:26:37;0:00:02;;Move;
8;Hiding in the living room+Da song camps in garden;Park's House;Entrance-stairs;Da Hye;1:26:35;1:26:37;0:00:02;;Up;
8;Scaping from the living room;Park's House;Entrance;Chung Sook;1:30:15;1:30:35;0:00:20;;Static;
8;Scaping from the living room;Park's House;Garden;Da Song;1:31:06;1:31:44;0:00:38;;Static;
8;Scaping from the living room;Park's House;Entrance-stairs garage;Ki Jung;1:30:52;1:31:45;0:00:53;;Down,Static;
8;Scaping from the living room;Park's House;Entrance-stairs garage;Ki Woo;1:30:53;1:31:46;0:00:53;;Down,Static;
8;Scaping from the living room;Park's House;Entrance-stairs garage;Ki Taek;1:31:44;1:31:48;0:00:04;;Down;
8;Scaping from the living room;Park's House;Garage;Ki Jung;1:31:45;1:31:59;0:00:14;;Move;
8;Scaping from the living room;Park's House;Garage;Ki Woo;1:31:46;1:31:58;0:00:12;;Move;
8;Scaping from the living room;Park's House;Garage;Ki Taek;1:31:48;1:32:00;0:00:12;;Move;
9;Coming back home;Park's House;Entrance-street;Ki Jung;1:31:59;1:32:16;0:00:17;;Move,Down;
9;Coming back home;Park's House;Entrance-street;Ki Woo;1:31:58;1:32:16;0:00:18;;Move,Down;
9;Coming back home;Park's House;Entrance-street;Ki Taek;1:32:00;1:32:16;0:00:16;;Move,Down;
9;Coming back home;Seoul streets;;Ki Jung;1:32:16;1:34:54;0:02:38;;;
9;Coming back home;Seoul streets;;Ki Woo;1:32:16;1:34:54;0:02:38;;;
9;Coming back home;Seoul streets;;Ki Taek;1:32:16;1:34:54;0:02:38;;;
9;Flooding;Street by Kim's house;;Ki Jung;1:34:54;1:35:28;0:00:34;;;
9;Flooding;Street by Kim's house;;Ki Woo;1:34:54;1:35:28;0:00:34;;;
9;Flooding;Street by Kim's house;;Ki Taek;1:34:54;1:35:28;0:00:34;;;
9;House is destroyed by flooding+death of Moon Gwang;Kim's House;Corridor;Ki Taek;1:35:28;1:36:00;0:00:32;;;
9;House is destroyed by flooding+death of Moon Gwang;Kim's House;Living room;Ki Woo;1:35:28;1:37:24;0:01:56;;;
9;House is destroyed by flooding+death of Moon Gwang;Kim's House;Corridor;Ki Jung;1:36:00;1:36:07;0:00:07;;;
9;House is destroyed by flooding+death of Moon Gwang;Kim's House;Room II;Ki Taek;1:36:00;1:37:24;0:01:24;;;
9;House is destroyed by flooding+death of Moon Gwang;Kim's House;Bathroom;Ki Jung;1:36:07;1:38:03;0:01:56;;;
9;House is destroyed by flooding+death of Moon Gwang;Kim's House;Living room;Ki Woo;1:37:24;1:38:03;0:00:39;;;
9;House is destroyed by flooding+death of Moon Gwang;Kim's House;Corridor;Ki Taek;1:37:24;1:38:03;0:00:39;;;
9;House is destroyed by flooding+death of Moon Gwang;Kim's House;Living room;Ki Taek;1:38:03;1:38:08;0:00:05;;;
9;House is destroyed by flooding+death of Moon Gwang;Kim's House;Corridor;Ki Taek;1:38:08;1:38:28;0:00:20;;;
9;House is destroyed by flooding+death of Moon Gwang;Park's House;Cave;Moon Gwang;1:35:36;1:37:20;0:01:44;death;Move,Down,Static;
9;House is destroyed by flooding+death of Moon Gwang;Park's House;Cave;Geun Se;1:35:36;1:37:56;0:02:20;;Move,Static;
9;Sleeping at the Stadium+invitation to Da Song party;Stadium;;Ki Taek;1:38:46;1:42:51;0:04:05;;;
9;Sleeping at the Stadium+invitation to Da Song party;Stadium;;Ki Woo;1:38:46;1:42:51;0:04:05;;;
9;Sleeping at the Stadium+invitation to Da Song party;Stadium;;Ki Jung;1:38:46;1:42:51;0:04:05;;;
9;Checking Da Song tent;Park's House;Living room;Yeon Kyo;1:41:17;1:41:32;0:00:15;;Move;
9;Checking Da Song tent;Park's House;Living room;Mr. Park;1:41:17;1:41:27;0:00:10;;Static,Move;
9;Checking Da Song tent;Park's House;Garden;Mr. Park;1:41:27;1:41:32;0:00:05;;Move;
9;Checking Da Song tent;Park's House;Garden;Da Song;1:41:27;1:41:32;0:00:05;;Static;
9;Inviting teachers to the party;Park's House;Mr. & Mrs. Park room;Yeon Kyo;1:41:32;1:42:33;0:01:01;;Move,Static;
9;Inviting teachers to the party;Park's House;Mr. & Mrs. Park room;Da Hye;1:41:53;1:42:33;0:00:40;;Move;
9;Inviting teachers to the party;Park's House;Mr. & Mrs. Park room;Mr. Park;1:42:04;1:42:33;0:00:29;;Move,Static;
9;Set up of the party;Park's House;Kitchen;Yeon Kyo;1:42:51;1:43:03;0:00:12;;Move;
9;Set up of the party;Park's House;Kitchen;Chung Sook;1:42:51;1:43:03;0:00:12;;Move;
9;Set up of the party;Park's House;Living room;Yeon Kyo;1:43:03;1:43:29;0:00:26;;Move;
9;Set up of the party;Park's House;Living room;Chung Sook;1:43:03;1:43:29;0:00:26;;Move;
9;Buying groceries for the party+inviting people;Shopping Mall;Supermarket;Yeon Kyo;1:43:29;1:44:08;0:00:39;;;
9;Buying groceries for the party+inviting people;Shopping Mall;Supermarket;Ki Taek;1:43:29;1:44:08;0:00:39;;;
9;Setting up tables;Park's House;Garden;Chung Sook;1:44:08;1:44:23;0:00:15;;Move;
9;Setting up tables;Park's House;Garden;Mr. Park;1:44:14;1:44:23;0:00:09;;Move;
9;Setting up tables;Park's House;Garden;Da Song;1:44:08;1:44:23;0:00:15;;Static;In garden till 1:56:01
9;Inviting people+ the smell again;Mr.Park's car;;Yeon Kyo;1:44:23;1:44:57;0:00:34;;;
9;Inviting people+ the smell again;Mr.Park's car;;Ki Taek;1:44:23;1:44:57;0:00:34;;;
9;people arrive to the party;Park's House;Entrance-street;Yeon Kyo;1:44:57;1:45:09;0:00:12;;Move;
9;people arrive to the party;Park's House;Entrance-street;Party attendants;1:44:57;1:45:09;0:00:12;;Move,Up;
9;Kevin and Da Hye: Do i fit here?;Park's House;Garden;Party attendants;1:45:09;1:56:01;0:10:52;;Move,Static;
9;Kevin and Da Hye: Do i fit here?;Park's House;Garden;Da Song;1:45:09;1:56:01;0:10:52;;Static,Move;We  know he is in the garden all this time. Relevant for the plot
9;Kevin and Da Hye: Do i fit here?;Park's House;Da Hye's room;Da Hye;1:45:09;1:46:50;0:01:41;;Static;
9;Kevin and Da Hye: Do i fit here?;Park's House;Da Hye's room;Ki Woo;1:45:09;1:46:50;0:01:41;;Static;
9;Dressing as indians to surprise to Da Song;Park's House;Garden;Ki Taek;1:46:50;1:56:01;0:09:11;;Static,Move;
9;Dressing as indians to surprise to Da Song;Park's House;Garden;Mr. Park;1:46:50;1:55:10;0:08:20;death;Static,Move;
9;Birthday cake to Da Song;Park's House;Kitchen;Ki Jung;1:48:18;1:49:01;0:00:43;;Move;
9;Birthday cake to Da Song;Park's House;Kitchen;Chung Sook;1:48:18;1:49:01;0:00:43;;Move;
9;Birthday cake to Da Song;Park's House;Kitchen;Yeon Kyo;1:48:50;1:49:01;0:00:11;;Move;
9;Birthday cake to Da Song;Park's House;Living room;Ki Jung;1:49:01;1:49:10;0:00:09;;Move;
9;Birthday cake to Da Song;Park's House;Living room;Yeon Kyo;1:49:01;1:49:10;0:00:09;;Move;
9;Ki Woo tries to kill Geun Se;Park's House;Entrance-stairs;Ki Woo;1:49:08;1:49:14;0:00:06;;Down;
9;Ki Woo tries to kill Geun Se;Park's House;Basement;Ki Woo;1:49:14;1:49:21;0:00:07;;Move;
9;Ki Woo tries to kill Geun Se;Park's House;Cave;Ki Woo;1:49:21;1:51:07;0:01:46;;Down,Move,Up;
9;Ki Woo tries to kill Geun Se;Park's House;Cave;Geun Se;1:49:21;1:51:07;0:01:46;;Move,Up;
9;Ki Woo is hit with the totem;Park's House;Basement;Ki Woo;1:51:07;1:52:50;0:01:43;unconscious;Move;
9;Ki Woo is hit with the totem;Park's House;Basement;Geun Se;1:51:12;1:52:05;0:00:53;;Move,Up;
9;"Birthday ""party""";Park's House;Garden;Yeon Kyo;1:49:10;1:56:01;0:06:51;;Move;
9;"Birthday ""party""";Park's House;Garden;Ki Jung;1:49:10;1:56:01;0:06:51;death;Move,Static;
9;"Birthday ""party""";Park's House;Kitchen;Geun Se;1:52:12;1:52:29;0:00:17;;Move;
9;"Birthday ""party""";Park's House;Living room;Geun Se;1:52:29;1:52:40;0:00:11;;Move;
9;"Birthday ""party""";Park's House;Entrance-stairs;Da Hye;1:52:33;1:52:40;0:00:07;;Down;
9;"Birthday ""party""";Park's House;Entrance;Da Hye;1:52:40;1:52:45;0:00:05;;Move;
9;"Birthday ""party""";Park's House;Garden;Geun Se;1:52:45;1:54:54;0:02:09;death;Move,Static;
9;"Birthday ""party""";Park's House;Garden;Chung Sook;1:53:17;1:56:01;0:02:44;;Move;
9;"Birthday ""party""";Park's House;Garden;Da Hye;1:53:36;1:53:40;0:00:04;;Move;
9;"Birthday ""party""";Park's House;Garden;Ki Woo;1:53:36;1:53:40;0:00:04;;Move;
10;Ki Woo is alive;Hospital;;Ki Woo;1:56:04;1:57:07;0:01:03;;;
10;Trial to Ki Woo and Chung Sook;Court;;Ki Woo;1:57:07;1:57:19;0:00:12;;;
10;Trial to Ki Woo and Chung Sook;Court;;Chung Sook;1:57:07;1:57:19;0:00:12;;;
10;Visiting Ki Jung ashes;Bus;;Ki Woo;1:57:19;1:57:26;0:00:07;;;
10;Visiting Ki Jung ashes;Bus;;Chung Sook;1:57:19;1:57:26;0:00:07;;;
10;Visiting Ki Jung ashes;Cementery;;Ki Woo;1:57:26;1:57:43;0:00:17;;;
10;Visiting Ki Jung ashes;Cementery;;Chung Sook;1:57:26;1:57:43;0:00:17;;;
10;Coming back home;Kim's House;Bathroom;Ki Woo;1:57:43;1:58:41;0:00:58;;;
10;Coming back home;Kim's House;Room I;Chung Sook;1:57:43;1:58:41;0:00:58;;;
10;Followed by police;Seoul streets;;Ki Woo;1:58:41;1:58:56;0:00:15;;;
10;Morse with Ki Taek;Forest;;Ki Woo;1:58:56;1:59:53;0:00:57;;;
10;Morse with Ki Taek;Subway;;Ki Woo;1:59:53;2:00:13;0:00:20;;;
10;Where Ki Taek is hiding;Park's House;Cave;Ki Taek;2:00:13;2:00:52;0:00:39;;Static,Move;
10;Where Ki Taek is hiding;Park's House;Garden;Ki Taek;2:00:52;2:01:05;0:00:13;;Move;
10;Where Ki Taek is hiding;Park's House;Entrance-street;Ki Taek;2:01:05;2:01:13;0:00:08;;Move;
10;Where Ki Taek is hiding;Park's House;Garage;Ki Taek;2:01:13;2:01:15;0:00:02;;Move;
10;Where Ki Taek is hiding;Park's House;Entrance-stairs garage;Ki Taek;2:01:15;2:01:25;0:00:10;;Up;
10;Where Ki Taek is hiding;Park's House;Kitchen;Ki Taek;2:01:25;2:01:32;0:00:07;;Move;
10;Where Ki Taek is hiding;Park's House;Basement;Ki Taek;2:01:32;2:01:36;0:00:04;;Move;
10;Where Ki Taek is hiding;Park's House;Cave;Ki Taek;2:01:36;2:02:26;0:00:50;;Down,Move;
10;Where Ki Taek is hiding;Park's House;Garden;Ki Taek;2:02:26;2:02:35;0:00:09;;Move;
10;Where Ki Taek is hiding;Park's House;Cave;Ki Taek;2:02:35;2:02:52;0:00:17;;Static,Move;
10;Where Ki Taek is hiding;Park's House;Basement;Ki Taek;2:02:52;2:02:58;0:00:06;;Move;
10;Where Ki Taek is hiding;Park's House;Kitchen;Ki Taek;2:02:58;2:03:21;0:00:23;;Move;
10;Where Ki Taek is hiding;Park's House;Cave;Ki Taek;2:03:21;2:03:57;0:00:36;;Move,Static;
10;Ki Woo has a plan;Street by Kim's house;;Ki Woo;2:03:57;2:04:04;0:00:07;;;
10;Ki Woo has a plan;Kim's House;Corridor;Ki Woo;2:04:04;2:04:09;0:00:05;;;
10;Ki Woo has a plan;Kim's House;Living room;Ki Woo;2:04:09;2:04:30;0:00:21;;;
10;Ki Woo has a plan;Kim's House;Room II;Chung Sook;2:04:04;2:04:20;0:00:16;;;
10;Ki Woo has a plan;River;;Ki Woo;2:04:30;2:04:37;0:00:07;;;
10;Ki Woo becomes rich;Park's House;Entrance-street;Ki Woo;2:04:37;2:04:44;0:00:07;;Move,Up;
10;Ki Woo becomes rich;Park's House;Entrance-intercom;Ki Woo;2:04:44;2:05:05;0:00:21;;Up,Static;
10;Ki Woo becomes rich;Park's House;Garden;Ki Woo;2:05:05;2:06:24;0:01:19;;Move;
10;Ki Woo becomes rich;Park's House;Garden;Chung Sook;2:05:05;2:06:24;0:01:19;;Move;
10;Ki Woo becomes rich;Park's House;Basement;Ki Taek;2:05:15;2:05:28;0:00:13;;Up;
10;Ki Woo becomes rich;Park's House;Kitchen;Ki Taek;2:05:28;2:05:47;0:00:19;;Move;
10;Ki Woo becomes rich;Park's House;Entrance;Ki Taek;2:05:47;2:05:54;0:00:07;;Move;
10;Ki Woo becomes rich;Park's House;Living room;Ki Taek;2:05:54;2:06:08;0:00:14;;Move;
10;Ki Woo becomes rich;Park's House;Garden;Ki Taek;2:06:08;2:06:24;0:00:16;;Move;
10;Ending scene;Kim's House;Living room;Ki Woo;2:06:24;2:06:55;0:00:31;;;
11;Credits;;;;2:06:55;2:12:00;0:05:05;;;
